First Name,Last Name,E-mail Address,E-mail 2 Address,E-mail 3 Address
Test,1, bahrami@gmail.com,,
Test,2,firuzi@gmail.com,,
Test,3, bahrami@gmail.com,,
Test,4,firuzi@gmail.com,,
Test,5, bahrami@gmail.com,,
Test,6,firuzi@gmail.com,,
Test,7, bahrami@gmail.com,,
Test,8,firuzi@gmail.com,,
Test,9, bahrami@gmail.com,,
Test,10,firuzi@gmail.com,,
Test,11, bahrami@gmail.com,,
Test,12,firuzi@gmail.com,,
Test,13, bahrami@gmail.com,,
Test,14,firuzi@gmail.com,,
Test,15, bahrami@gmail.com,,
Test,16,firuzi@gmail.com,,
Test,17, bahrami@gmail.com,,
Test,18,firuzi@gmail.com,,
Test,19, bahrami@gmail.com,,
Test,20,firuzi@gmail.com,,
Test,21, bahrami@gmail.com,,
Test,22,firuzi@gmail.com,,
Test,23, bahrami@gmail.com,,
Test,24,firuzi@gmail.com,,
Test,25, bahrami@gmail.com,,
Test,26,firuzi@gmail.com,,
Test,27, bahrami@gmail.com,,
Test,28,firuzi@gmail.com,,
Test,29, bahrami@gmail.com,,
Test,30,firuzi@gmail.com,,
